day,a,a_score,b,b_score,gap,verdict,reason
fri,New Jackson,5.38,O'Flynn,5.28,0.1,New Jackson,too close to call — Irish tiebreak
fri,Friendly Fires,6.58,Dry Cleaning,6.47,0.11,Friendly Fires,effectively a coin flip
fri,O'Flynn,5.28,Jamz Supernova,5.12,0.16,O'Flynn,effectively a coin flip
fri,Anish Kumar,4.82,Lullahush,4.61,0.21,Lullahush,too close to call — Irish tiebreak
fri,New Jackson,5.38,Jamz Supernova,5.12,0.26,New Jackson,too close to call — Irish tiebreak
fri,Jamz Supernova,5.12,Anish Kumar,4.82,0.3,Jamz Supernova,clear on the scores
fri,Sunil Sharpe x Kev Freeney Presents Spineless,6.33,Job Jobse,5.93,0.4,Sunil Sharpe x Kev Freeney Presents Spineless,clear on the scores
fri,O'Flynn,5.28,Anish Kumar,4.82,0.46,O'Flynn,clear on the scores
fri,Lullahush,4.61,Sam Alfred,4.11,0.5,Lullahush,clear on the scores
fri,Jamz Supernova,5.12,Lullahush,4.61,0.51,Jamz Supernova,clear on the scores
fri,Job Jobse,5.93,New Jackson,5.38,0.55,Job Jobse,clear on the scores
fri,New Jackson,5.38,Anish Kumar,4.82,0.56,New Jackson,clear on the scores
fri,Trinity Orchestra,4.77,Jacob Alon,4.16,0.61,Trinity Orchestra,clear on the scores
fri,Job Jobse,5.93,O'Flynn,5.28,0.65,Job Jobse,clear on the scores
fri,O'Flynn,5.28,Lullahush,4.61,0.67,O'Flynn,clear on the scores
fri,Anish Kumar,4.82,Sam Alfred,4.11,0.71,Anish Kumar,clear on the scores
fri,Friendly Fires,6.58,Gurriers,5.85,0.73,Friendly Fires,clear on the scores
fri,New Jackson,5.38,Lullahush,4.61,0.77,New Jackson,clear on the scores
fri,Job Jobse,5.93,Jamz Supernova,5.12,0.81,Job Jobse,clear on the scores
fri,Sunil Sharpe x Kev Freeney Presents Spineless,6.33,New Jackson,5.38,0.95,Sunil Sharpe x Kev Freeney Presents Spineless,clear on the scores
fri,Jamz Supernova,5.12,Sam Alfred,4.11,1.01,Jamz Supernova,clear on the scores
fri,Sunil Sharpe x Kev Freeney Presents Spineless,6.33,O'Flynn,5.28,1.05,Sunil Sharpe x Kev Freeney Presents Spineless,clear on the scores
fri,Job Jobse,5.93,Anish Kumar,4.82,1.11,Job Jobse,clear on the scores
fri,O'Flynn,5.28,Sam Alfred,4.11,1.17,O'Flynn,clear on the scores
fri,Sunil Sharpe x Kev Freeney Presents Spineless,6.33,Jamz Supernova,5.12,1.21,Sunil Sharpe x Kev Freeney Presents Spineless,clear on the scores
fri,New Jackson,5.38,Sam Alfred,4.11,1.27,New Jackson,clear on the scores
fri,Job Jobse,5.93,Lullahush,4.61,1.32,Job Jobse,clear on the scores
fri,Pulp,9.3,Floorplan,7.65,1.65,Pulp,clear on the scores
fri,Sunil Sharpe x Kev Freeney Presents Spineless,6.33,Lullahush,4.61,1.72,Sunil Sharpe x Kev Freeney Presents Spineless,clear on the scores
fri,Floating Points (Live),8.12,Sunil Sharpe x Kev Freeney Presents Spineless,6.33,1.79,Floating Points (Live),clear on the scores
fri,Floorplan,7.65,Gurriers,5.85,1.8,Floorplan,clear on the scores
fri,Job Jobse,5.93,Sam Alfred,4.11,1.82,Job Jobse,clear on the scores
fri,Kerri Chandler,8.46,Sunil Sharpe x Kev Freeney Presents Spineless,6.33,2.13,Kerri Chandler,clear on the scores
fri,Floating Points (Live),8.12,Job Jobse,5.93,2.19,Floating Points (Live),clear on the scores
fri,Sunil Sharpe x Kev Freeney Presents Spineless,6.33,Sam Alfred,4.11,2.22,Sunil Sharpe x Kev Freeney Presents Spineless,clear on the scores
fri,Kerri Chandler,8.46,Job Jobse,5.93,2.53,Kerri Chandler,clear on the scores
fri,Floating Points (Live),8.12,New Jackson,5.38,2.74,Floating Points (Live),clear on the scores
fri,Floating Points (Live),8.12,O'Flynn,5.28,2.84,Floating Points (Live),clear on the scores
fri,Floating Points (Live),8.12,Jamz Supernova,5.12,3.0,Floating Points (Live),clear on the scores
fri,Kerri Chandler,8.46,New Jackson,5.38,3.08,Kerri Chandler,clear on the scores
fri,Kerri Chandler,8.46,O'Flynn,5.28,3.18,Kerri Chandler,clear on the scores
fri,Floating Points (Live),8.12,Anish Kumar,4.82,3.3,Floating Points (Live),clear on the scores
fri,Kerri Chandler,8.46,Jamz Supernova,5.12,3.34,Kerri Chandler,clear on the scores
fri,Pulp,9.3,Job Jobse,5.93,3.37,Pulp,clear on the scores
fri,Floating Points (Live),8.12,Lullahush,4.61,3.51,Floating Points (Live),clear on the scores
fri,Floorplan,7.65,Brògeal,4.11,3.54,Floorplan,clear on the scores
fri,Floating Points (Live),8.12,Sam Alfred,4.11,4.01,Floating Points (Live),clear on the scores
fri,Pulp,9.3,Anish Kumar,4.82,4.48,Pulp,clear on the scores
fri,Pulp,9.3,Lullahush,4.61,4.69,Pulp,clear on the scores
fri,Pulp,9.3,Brògeal,4.11,5.19,Pulp,clear on the scores
fri,Pulp,9.3,Sam Alfred,4.11,5.19,Pulp,clear on the scores
sat,Joy Orbison,7.19,DJ Nobu,7.19,0.0,Joy Orbison,effectively a coin flip
sat,Jyoty,5.83,Or:la,5.72,0.11,Or:la,too close to call — Irish tiebreak
sat,Greentea Peng,6.51,Sprints,6.35,0.16,Sprints,too close to call — Irish tiebreak
sat,The Avalanches (DJ Set),7.38,Joy Orbison,7.19,0.19,The Avalanches (DJ Set),effectively a coin flip
sat,The Avalanches (DJ Set),7.38,DJ Nobu,7.19,0.19,The Avalanches (DJ Set),effectively a coin flip
sat,Say She She,5.32,Cromby,5.07,0.25,Cromby,too close to call — Irish tiebreak
sat,Mall Grab,6.67,Call Super,6.39,0.28,Mall Grab,effectively a coin flip
sat,David Keenan,4.32,The Wild Geeze - Comedy Cabaret,3.96,0.36,David Keenan,clear on the scores
sat,Or:la,5.72,Say She She,5.32,0.4,Or:la,clear on the scores
sat,Bicurious,4.42,The Wild Geeze - Comedy Cabaret,3.96,0.46,Bicurious,clear on the scores
sat,David Kitt,5.83,Muireann Bradley,5.35,0.48,David Kitt,clear on the scores
sat,Joy Orbison,7.19,Mall Grab,6.67,0.52,Joy Orbison,clear on the scores
sat,DJ Nobu,7.19,Mall Grab,6.67,0.52,DJ Nobu,clear on the scores
sat,Call Super,6.39,Jyoty,5.83,0.56,Call Super,clear on the scores
sat,The Avalanches (DJ Set),7.38,Mall Grab,6.67,0.71,The Avalanches (DJ Set),clear on the scores
sat,Colleen Cosmo Murphy,6.54,David Kitt,5.83,0.71,Colleen Cosmo Murphy,clear on the scores
sat,Maribou State (Live),6.97,THUMPER,6.2,0.77,Maribou State (Live),clear on the scores
sat,Mall Grab,6.67,Jyoty,5.83,0.84,Mall Grab,clear on the scores
sat,Dan Shake,5.28,Bicurious,4.42,0.86,Dan Shake,clear on the scores
sat,Mall Grab,6.67,Or:la,5.72,0.95,Mall Grab,clear on the scores
sat,The Avalanches (DJ Set),7.38,Call Super,6.39,0.99,The Avalanches (DJ Set),clear on the scores
sat,W.I.T.C.H.,8.19,Hot 8 Brass Band,7.19,1.0,W.I.T.C.H.,clear on the scores
sat,THUMPER,6.2,Moving Still,5.07,1.13,THUMPER,clear on the scores
sat,Colleen Cosmo Murphy,6.54,Muireann Bradley,5.35,1.19,Colleen Cosmo Murphy,clear on the scores
sat,Ezra Collective,7.82,Maruja,6.59,1.23,Ezra Collective,clear on the scores
sat,Gilla Band,8.22,Maribou State (Live),6.97,1.25,Gilla Band,clear on the scores
sat,Ezra Collective,7.82,Greentea Peng,6.51,1.31,Ezra Collective,clear on the scores
sat,Maruja,6.59,Dan Shake,5.28,1.31,Maruja,clear on the scores
sat,Dan Shake,5.28,The Wild Geeze - Comedy Cabaret,3.96,1.32,Dan Shake,clear on the scores
sat,Joy Orbison,7.19,Jyoty,5.83,1.36,Joy Orbison,clear on the scores
sat,DJ Nobu,7.19,Jyoty,5.83,1.36,DJ Nobu,clear on the scores
sat,Ezra Collective,7.82,Sprints,6.35,1.47,Ezra Collective,clear on the scores
sat,Joy Orbison,7.19,Or:la,5.72,1.47,Joy Orbison,clear on the scores
sat,DJ Nobu,7.19,Or:la,5.72,1.47,DJ Nobu,clear on the scores
sat,The Avalanches (DJ Set),7.38,Jyoty,5.83,1.55,The Avalanches (DJ Set),clear on the scores
sat,The Avalanches (DJ Set),7.38,Or:la,5.72,1.66,The Avalanches (DJ Set),clear on the scores
sat,Joy Orbison,7.19,Say She She,5.32,1.87,Joy Orbison,clear on the scores
sat,DJ Nobu,7.19,Say She She,5.32,1.87,DJ Nobu,clear on the scores
sat,Maribou State (Live),6.97,Moving Still,5.07,1.9,Maribou State (Live),clear on the scores
sat,Gilla Band,8.22,THUMPER,6.2,2.02,Gilla Band,clear on the scores
sat,The Avalanches (DJ Set),7.38,Say She She,5.32,2.06,The Avalanches (DJ Set),clear on the scores
sat,Maruja,6.59,Bicurious,4.42,2.17,Maruja,clear on the scores
sat,Sprints,6.35,The Wild Geeze - Comedy Cabaret,3.96,2.39,Sprints,clear on the scores
sat,Greentea Peng,6.51,The Wild Geeze - Comedy Cabaret,3.96,2.55,Greentea Peng,clear on the scores
sat,Maruja,6.59,The Wild Geeze - Comedy Cabaret,3.96,2.63,Maruja,clear on the scores
sat,Hot 8 Brass Band,7.19,David Keenan,4.32,2.87,Hot 8 Brass Band,clear on the scores
sat,Gilla Band,8.22,Moving Still,5.07,3.15,Gilla Band,clear on the scores
sat,Hot 8 Brass Band,7.19,The Wild Geeze - Comedy Cabaret,3.96,3.23,Hot 8 Brass Band,clear on the scores
sat,Ezra Collective,7.82,The Wild Geeze - Comedy Cabaret,3.96,3.86,Ezra Collective,clear on the scores
sat,W.I.T.C.H.,8.19,David Keenan,4.32,3.87,W.I.T.C.H.,clear on the scores
sun,Kean Kavanagh,4.42,Gabrielle Kwarteng,4.32,0.1,Kean Kavanagh,too close to call — Irish tiebreak
sun,Bazza Ranks,4.42,Gabrielle Kwarteng,4.32,0.1,Bazza Ranks,too close to call — Irish tiebreak
sun,Prosumer,6.54,Kate Nash,6.39,0.15,Prosumer,effectively a coin flip
sun,Kean Kavanagh,4.42,BIIRD,4.27,0.15,Kean Kavanagh,effectively a coin flip
sun,Moonchild Sanelly,6.71,Prosumer,6.54,0.17,Moonchild Sanelly,effectively a coin flip
sun,Altern-8,7.15,Disclosure (DJ),6.96,0.19,Altern-8,effectively a coin flip
sun,King Kong Company,6.23,Eats Everything,6.04,0.19,King Kong Company,too close to call — Irish tiebreak
sun,Soda Blonde,4.72,Getdown Services,4.51,0.21,Soda Blonde,too close to call — Irish tiebreak
sun,Moonchild Sanelly,6.71,Kate Nash,6.39,0.32,Moonchild Sanelly,clear on the scores
sun,Hot Chip (DJ Set),7.5,Altern-8,7.15,0.35,Hot Chip (DJ Set),clear on the scores
sun,Playback Presents: Stop Making Sense,4.83,Kean Kavanagh,4.42,0.41,Playback Presents: Stop Making Sense,clear on the scores
sun,Hot Chip (DJ Set),7.5,Disclosure (DJ),6.96,0.54,Hot Chip (DJ Set),clear on the scores
sun,Damien Dempsey,7.26,Moonchild Sanelly,6.71,0.55,Damien Dempsey,clear on the scores
sun,Playback Presents: Stop Making Sense,4.83,BIIRD,4.27,0.56,Playback Presents: Stop Making Sense,clear on the scores
sun,Anna von Hausswolff,7.47,Ms Dynamite,6.81,0.66,Anna von Hausswolff,clear on the scores
sun,SOAK,5.53,Playback Presents: Stop Making Sense,4.83,0.7,SOAK,clear on the scores
sun,Damien Dempsey,7.26,Prosumer,6.54,0.72,Damien Dempsey,clear on the scores
sun,Soichi Terada (Live),7.93,Self Esteem,7.17,0.76,Soichi Terada (Live),clear on the scores
sun,The Dare (DJ Set),5.13,Anz b2b Jio,4.32,0.81,The Dare (DJ Set),clear on the scores
sun,Weval (Live),5.28,Bazza Ranks,4.42,0.86,Weval (Live),clear on the scores
sun,Damien Dempsey,7.26,Kate Nash,6.39,0.87,Damien Dempsey,clear on the scores
sun,Eats Everything,6.04,The Dare (DJ Set),5.13,0.91,Eats Everything,clear on the scores
sun,Altern-8,7.15,King Kong Company,6.23,0.92,Altern-8,clear on the scores
sun,Ms Dynamite,6.81,Chet Faker,5.89,0.92,Ms Dynamite,clear on the scores
sun,Weval (Live),5.28,Anz b2b Jio,4.32,0.96,Weval (Live),clear on the scores
sun,Prosumer,6.54,SOAK,5.53,1.01,Prosumer,clear on the scores
sun,King Kong Company,6.23,The Dare (DJ Set),5.13,1.1,King Kong Company,clear on the scores
sun,Alabaster DePlume,5.82,Soda Blonde,4.72,1.1,Alabaster DePlume,clear on the scores
sun,SOAK,5.53,Kean Kavanagh,4.42,1.11,SOAK,clear on the scores
sun,Mogwai,8.65,Hot Chip (DJ Set),7.5,1.15,Mogwai,clear on the scores
sun,SOAK,5.53,BIIRD,4.27,1.26,SOAK,clear on the scores
sun,Soichi Terada (Live),7.93,Prosumer,6.54,1.39,Soichi Terada (Live),clear on the scores
sun,Chet Faker,5.89,Bazza Ranks,4.42,1.47,Chet Faker,clear on the scores
sun,Mogwai,8.65,Altern-8,7.15,1.5,Mogwai,clear on the scores
sun,Underworld,9.0,Anna von Hausswolff,7.47,1.53,Underworld,clear on the scores
sun,Chet Faker,5.89,Gabrielle Kwarteng,4.32,1.57,Chet Faker,clear on the scores
sun,Anna von Hausswolff,7.47,Chet Faker,5.89,1.58,Anna von Hausswolff,clear on the scores
sun,Barrington Levy,7.49,Alabaster DePlume,5.82,1.67,Barrington Levy,clear on the scores
sun,Disclosure (DJ),6.96,Weval (Live),5.28,1.68,Disclosure (DJ),clear on the scores
sun,Mogwai,8.65,Disclosure (DJ),6.96,1.69,Mogwai,clear on the scores
sun,Prosumer,6.54,Playback Presents: Stop Making Sense,4.83,1.71,Prosumer,clear on the scores
sun,Damien Dempsey,7.26,SOAK,5.53,1.73,Damien Dempsey,clear on the scores
sun,Altern-8,7.15,Weval (Live),5.28,1.87,Altern-8,clear on the scores
sun,King Kong Company,6.23,Anz b2b Jio,4.32,1.91,King Kong Company,clear on the scores
sun,Altern-8,7.15,The Dare (DJ Set),5.13,2.02,Altern-8,clear on the scores
sun,Prosumer,6.54,Kean Kavanagh,4.42,2.12,Prosumer,clear on the scores
sun,Hot Chip (DJ Set),7.5,Weval (Live),5.28,2.22,Hot Chip (DJ Set),clear on the scores
sun,Prosumer,6.54,BIIRD,4.27,2.27,Prosumer,clear on the scores
sun,Soichi Terada (Live),7.93,SOAK,5.53,2.4,Soichi Terada (Live),clear on the scores
sun,Damien Dempsey,7.26,Playback Presents: Stop Making Sense,4.83,2.43,Damien Dempsey,clear on the scores
sun,Ms Dynamite,6.81,Gabrielle Kwarteng,4.32,2.49,Ms Dynamite,clear on the scores
sun,Disclosure (DJ),6.96,Anz b2b Jio,4.32,2.64,Disclosure (DJ),clear on the scores
sun,Self Esteem,7.17,Kean Kavanagh,4.42,2.75,Self Esteem,clear on the scores
sun,Barrington Levy,7.49,Soda Blonde,4.72,2.77,Barrington Levy,clear on the scores
sun,Altern-8,7.15,Anz b2b Jio,4.32,2.83,Altern-8,clear on the scores
sun,Self Esteem,7.17,Gabrielle Kwarteng,4.32,2.85,Self Esteem,clear on the scores
sun,Self Esteem,7.17,BIIRD,4.27,2.9,Self Esteem,clear on the scores
sun,Barrington Levy,7.49,Getdown Services,4.51,2.98,Barrington Levy,clear on the scores
sun,Anna von Hausswolff,7.47,Bazza Ranks,4.42,3.05,Anna von Hausswolff,clear on the scores
sun,Soichi Terada (Live),7.93,Playback Presents: Stop Making Sense,4.83,3.1,Soichi Terada (Live),clear on the scores
sun,Underworld,9.0,Chet Faker,5.89,3.11,Underworld,clear on the scores
sun,Anna von Hausswolff,7.47,Gabrielle Kwarteng,4.32,3.15,Anna von Hausswolff,clear on the scores
sun,Hot Chip (DJ Set),7.5,Anz b2b Jio,4.32,3.18,Hot Chip (DJ Set),clear on the scores
sun,Mogwai,8.65,Weval (Live),5.28,3.37,Mogwai,clear on the scores
sun,Soichi Terada (Live),7.93,Kean Kavanagh,4.42,3.51,Soichi Terada (Live),clear on the scores
sun,Soichi Terada (Live),7.93,BIIRD,4.27,3.66,Soichi Terada (Live),clear on the scores
sun,Mogwai,8.65,Bazza Ranks,4.42,4.23,Mogwai,clear on the scores
sun,Mogwai,8.65,Anz b2b Jio,4.32,4.33,Mogwai,clear on the scores
sun,Underworld,9.0,Bazza Ranks,4.42,4.58,Underworld,clear on the scores
sun,Underworld,9.0,Gabrielle Kwarteng,4.32,4.68,Underworld,clear on the scores
